index,detected_purchase,name,price_raw,price_usd,offer_id,raw_json
1,False,Dreams & Nightmares Case,,,8796384140,"{""item_id"": ""8796384140"", ""market_hash_name"": ""Dreams & Nightmares Case"", ""class"": ""4717330486"", ""instance"": ""1363818010"", ""time"": ""1767211579"", ""settlement"": ""1767859200"", ""event"": ""sell"", ""app"": 730, ""stage"": ""1"", ""for"": null, ""custom_id"": null, ""received"": ""1316"", ""currency"": ""USD"", ""assetid"": ""48737996315""}"
2,True,Sealed Genesis Terminal,,,8793453110,"{""item_id"": ""8793453110"", ""market_hash_name"": ""Sealed Genesis Terminal"", ""class"": ""7488632023"", ""instance"": ""1363818010"", ""time"": ""1767198018"", ""settlement"": ""1767859200"", ""event"": ""buy"", ""app"": 730, ""stage"": ""1"", ""for"": null, ""custom_id"": null, ""paid"": ""280"", ""currency"": ""USD"", ""assetid"": ""48370522825""}"
3,True,Sealed Genesis Terminal,,,8793364510,"{""item_id"": ""8793364510"", ""market_hash_name"": ""Sealed Genesis Terminal"", ""class"": ""7488632023"", ""instance"": ""302028390"", ""time"": ""1767191058"", ""settlement"": null, ""event"": ""buy"", ""app"": 730, ""stage"": ""5"", ""for"": null, ""custom_id"": null, ""causer"": ""seller"", ""paid"": ""279"", ""currency"": ""USD"", ""assetid"": ""48197849652""}"
4,True,Sealed Genesis Terminal,,,8793364460,"{""item_id"": ""8793364460"", ""market_hash_name"": ""Sealed Genesis Terminal"", ""class"": ""7488632023"", ""instance"": ""302028390"", ""time"": ""1767191040"", ""settlement"": null, ""event"": ""buy"", ""app"": 730, ""stage"": ""5"", ""for"": null, ""custom_id"": null, ""causer"": ""seller"", ""paid"": ""279"", ""currency"": ""USD"", ""assetid"": ""47708780449""}"
5,True,Sealed Genesis Terminal,,,8790305820,"{""item_id"": ""8790305820"", ""market_hash_name"": ""Sealed Genesis Terminal"", ""class"": ""7488632023"", ""instance"": ""7882649279"", ""time"": ""1767183276"", ""settlement"": ""1767859200"", ""event"": ""buy"", ""app"": 730, ""stage"": ""1"", ""for"": null, ""custom_id"": null, ""paid"": ""295"", ""currency"": ""USD"", ""assetid"": ""48573396713""}"
6,True,Sealed Genesis Terminal,,,8789882590,"{""item_id"": ""8789882590"", ""market_hash_name"": ""Sealed Genesis Terminal"", ""class"": ""7488632023"", ""instance"": ""7882649279"", ""time"": ""1767183267"", ""settlement"": ""1767859200"", ""event"": ""buy"", ""app"": 730, ""stage"": ""1"", ""for"": null, ""custom_id"": null, ""paid"": ""295"", ""currency"": ""USD"", ""assetid"": ""48575413677""}"
7,True,Sealed Genesis Terminal,,,8789883370,"{""item_id"": ""8789883370"", ""market_hash_name"": ""Sealed Genesis Terminal"", ""class"": ""7488632023"", ""instance"": ""7882649279"", ""time"": ""1767183258"", ""settlement"": ""1767859200"", ""event"": ""buy"", ""app"": 730, ""stage"": ""1"", ""for"": null, ""custom_id"": null, ""paid"": ""295"", ""currency"": ""USD"", ""assetid"": ""48575413703""}"
8,False,StatTrak™ P90 | Cocoa Rampage (Factory New),,,8784734770,"{""item_id"": ""8784734770"", ""market_hash_name"": ""StatTrak™ P90 | Cocoa Rampage (Factory New)"", ""class"": ""4141782436"", ""instance"": ""6280660730"", ""time"": ""1767179690"", ""settlement"": ""1767859200"", ""event"": ""sell"", ""app"": 730, ""stage"": ""1"", ""for"": null, ""custom_id"": null, ""received"": ""2699"", ""currency"": ""USD"", ""assetid"": ""48709989521""}"
9,True,Sealed Genesis Terminal,,,8786280450,"{""item_id"": ""8786280450"", ""market_hash_name"": ""Sealed Genesis Terminal"", ""class"": ""7488632023"", ""instance"": ""1363818010"", ""time"": ""1767134870"", ""settlement"": ""1767772800"", ""event"": ""buy"", ""app"": 730, ""stage"": ""1"", ""for"": null, ""custom_id"": null, ""paid"": ""274"", ""currency"": ""USD"", ""assetid"": ""48385496245""}"
10,True,Sealed Genesis Terminal,,,8786280430,"{""item_id"": ""8786280430"", ""market_hash_name"": ""Sealed Genesis Terminal"", ""class"": ""7488632023"", ""instance"": ""1363818010"", ""time"": ""1767134862"", ""settlement"": ""1767772800"", ""event"": ""buy"", ""app"": 730, ""stage"": ""1"", ""for"": null, ""custom_id"": null, ""paid"": ""274"", ""currency"": ""USD"", ""assetid"": ""48401126639""}"
11,True,Sealed Genesis Terminal,,,8786280400,"{""item_id"": ""8786280400"", ""market_hash_name"": ""Sealed Genesis Terminal"", ""class"": ""7488632023"", ""instance"": ""1363818010"", ""time"": ""1767134857"", ""settlement"": ""1767772800"", ""event"": ""buy"", ""app"": 730, ""stage"": ""1"", ""for"": null, ""custom_id"": null, ""paid"": ""274"", ""currency"": ""USD"", ""assetid"": ""48005365898""}"
12,True,Sealed Genesis Terminal,,,8786280380,"{""item_id"": ""8786280380"", ""market_hash_name"": ""Sealed Genesis Terminal"", ""class"": ""7488632023"", ""instance"": ""1363818010"", ""time"": ""1767134850"", ""settlement"": ""1767772800"", ""event"": ""buy"", ""app"": 730, ""stage"": ""1"", ""for"": null, ""custom_id"": null, ""paid"": ""274"", ""currency"": ""USD"", ""assetid"": ""48385493350""}"
13,True,Sealed Genesis Terminal,,,8786280360,"{""item_id"": ""8786280360"", ""market_hash_name"": ""Sealed Genesis Terminal"", ""class"": ""7488632023"", ""instance"": ""1363818010"", ""time"": ""1767134843"", ""settlement"": ""1767772800"", ""event"": ""buy"", ""app"": 730, ""stage"": ""1"", ""for"": null, ""custom_id"": null, ""paid"": ""274"", ""currency"": ""USD"", ""assetid"": ""48005362823""}"
14,True,Sealed Genesis Terminal,,,8786280340,"{""item_id"": ""8786280340"", ""market_hash_name"": ""Sealed Genesis Terminal"", ""class"": ""7488632023"", ""instance"": ""7852425672"", ""time"": ""1767134840"", ""settlement"": ""1767772800"", ""event"": ""buy"", ""app"": 730, ""stage"": ""1"", ""for"": null, ""custom_id"": null, ""paid"": ""274"", ""currency"": ""USD"", ""assetid"": ""48463557376""}"
15,True,Sealed Genesis Terminal,,,8786280310,"{""item_id"": ""8786280310"", ""market_hash_name"": ""Sealed Genesis Terminal"", ""class"": ""7488632023"", ""instance"": ""7852425672"", ""time"": ""1767134829"", ""settlement"": null, ""event"": ""buy"", ""app"": 730, ""stage"": ""5"", ""for"": null, ""custom_id"": null, ""causer"": ""seller"", ""paid"": ""274"", ""currency"": ""USD"", ""assetid"": ""48463578557""}"
16,True,Sealed Genesis Terminal,,,8786280140,"{""item_id"": ""8786280140"", ""market_hash_name"": ""Sealed Genesis Terminal"", ""class"": ""7488632023"", ""instance"": ""7852425672"", ""time"": ""1767134826"", ""settlement"": ""1767772800"", ""event"": ""buy"", ""app"": 730, ""stage"": ""1"", ""for"": null, ""custom_id"": null, ""paid"": ""274"", ""currency"": ""USD"", ""assetid"": ""48463579459""}"
17,True,Sealed Genesis Terminal,,,8786280130,"{""item_id"": ""8786280130"", ""market_hash_name"": ""Sealed Genesis Terminal"", ""class"": ""7488632023"", ""instance"": ""7852425672"", ""time"": ""1767134809"", ""settlement"": ""1767772800"", ""event"": ""buy"", ""app"": 730, ""stage"": ""1"", ""for"": null, ""custom_id"": null, ""paid"": ""274"", ""currency"": ""USD"", ""assetid"": ""48463581167""}"
18,True,Sealed Genesis Terminal,,,8786280100,"{""item_id"": ""8786280100"", ""market_hash_name"": ""Sealed Genesis Terminal"", ""class"": ""7488632023"", ""instance"": ""7852425672"", ""time"": ""1767134797"", ""settlement"": ""1767772800"", ""event"": ""buy"", ""app"": 730, ""stage"": ""1"", ""for"": null, ""custom_id"": null, ""paid"": ""274"", ""currency"": ""USD"", ""assetid"": ""48463554303""}"
19,True,Sealed Genesis Terminal,,,8786280080,"{""item_id"": ""8786280080"", ""market_hash_name"": ""Sealed Genesis Terminal"", ""class"": ""7488632023"", ""instance"": ""7852425672"", ""time"": ""1767134786"", ""settlement"": ""1767772800"", ""event"": ""buy"", ""app"": 730, ""stage"": ""1"", ""for"": null, ""custom_id"": null, ""paid"": ""274"", ""currency"": ""USD"", ""assetid"": ""48463574019""}"
20,True,Sealed Genesis Terminal,,,8786280060,"{""item_id"": ""8786280060"", ""market_hash_name"": ""Sealed Genesis Terminal"", ""class"": ""7488632023"", ""instance"": ""7852425672"", ""time"": ""1767134784"", ""settlement"": ""1767772800"", ""event"": ""buy"", ""app"": 730, ""stage"": ""1"", ""for"": null, ""custom_id"": null, ""paid"": ""274"", ""currency"": ""USD"", ""assetid"": ""48463582020""}"
21,True,Sealed Genesis Terminal,,,8786279990,"{""item_id"": ""8786279990"", ""market_hash_name"": ""Sealed Genesis Terminal"", ""class"": ""7488632023"", ""instance"": ""1363818010"", ""time"": ""1767134776"", ""settlement"": ""1767772800"", ""event"": ""buy"", ""app"": 730, ""stage"": ""1"", ""for"": null, ""custom_id"": null, ""paid"": ""274"", ""currency"": ""USD"", ""assetid"": ""48005361061""}"
22,True,Sealed Genesis Terminal,,,8786279930,"{""item_id"": ""8786279930"", ""market_hash_name"": ""Sealed Genesis Terminal"", ""class"": ""7488632023"", ""instance"": ""1363818010"", ""time"": ""1767134774"", ""settlement"": ""1767772800"", ""event"": ""buy"", ""app"": 730, ""stage"": ""1"", ""for"": null, ""custom_id"": null, ""paid"": ""274"", ""currency"": ""USD"", ""assetid"": ""48385495168""}"
23,True,Sealed Genesis Terminal,,,8786280870,"{""item_id"": ""8786280870"", ""market_hash_name"": ""Sealed Genesis Terminal"", ""class"": ""7488632023"", ""instance"": ""1363818010"", ""time"": ""1767134772"", ""settlement"": ""1767772800"", ""event"": ""buy"", ""app"": 730, ""stage"": ""1"", ""for"": null, ""custom_id"": null, ""paid"": ""274"", ""currency"": ""USD"", ""assetid"": ""48385490858""}"
24,True,Sealed Genesis Terminal,,,8786280700,"{""item_id"": ""8786280700"", ""market_hash_name"": ""Sealed Genesis Terminal"", ""class"": ""7488632023"", ""instance"": ""1363818010"", ""time"": ""1767134769"", ""settlement"": ""1767772800"", ""event"": ""buy"", ""app"": 730, ""stage"": ""1"", ""for"": null, ""custom_id"": null, ""paid"": ""274"", ""currency"": ""USD"", ""assetid"": ""48385494016""}"
25,True,Sealed Genesis Terminal,,,8786280690,"{""item_id"": ""8786280690"", ""market_hash_name"": ""Sealed Genesis Terminal"", ""class"": ""7488632023"", ""instance"": ""7852425672"", ""time"": ""1767134762"", ""settlement"": ""1767772800"", ""event"": ""buy"", ""app"": 730, ""stage"": ""1"", ""for"": null, ""custom_id"": null, ""paid"": ""274"", ""currency"": ""USD"", ""assetid"": ""48463551647""}"
26,True,Sealed Genesis Terminal,,,8786280530,"{""item_id"": ""8786280530"", ""market_hash_name"": ""Sealed Genesis Terminal"", ""class"": ""7488632023"", ""instance"": ""1363818010"", ""time"": ""1767134759"", ""settlement"": ""1767772800"", ""event"": ""buy"", ""app"": 730, ""stage"": ""1"", ""for"": null, ""custom_id"": null, ""paid"": ""274"", ""currency"": ""USD"", ""assetid"": ""48385494694""}"
27,True,Sealed Genesis Terminal,,,8557827279,"{""item_id"": ""8557827279"", ""market_hash_name"": ""Sealed Genesis Terminal"", ""class"": ""7488632023"", ""instance"": ""302028390"", ""time"": ""1767134743"", ""settlement"": ""1767772800"", ""event"": ""buy"", ""app"": 730, ""stage"": ""1"", ""for"": null, ""custom_id"": null, ""paid"": ""264"", ""currency"": ""USD"", ""assetid"": ""48132270686""}"
28,True,Sealed Genesis Terminal,,,8784127240,"{""item_id"": ""8784127240"", ""market_hash_name"": ""Sealed Genesis Terminal"", ""class"": ""7488632023"", ""instance"": ""1363818010"", ""time"": ""1767131527"", ""settlement"": ""1767772800"", ""event"": ""buy"", ""app"": 730, ""stage"": ""1"", ""for"": null, ""custom_id"": null, ""paid"": ""288"", ""currency"": ""USD"", ""assetid"": ""48429862649""}"
29,True,Sealed Genesis Terminal,,,8784121370,"{""item_id"": ""8784121370"", ""market_hash_name"": ""Sealed Genesis Terminal"", ""class"": ""7488632023"", ""instance"": ""1363818010"", ""time"": ""1767131495"", ""settlement"": ""1767772800"", ""event"": ""buy"", ""app"": 730, ""stage"": ""1"", ""for"": null, ""custom_id"": null, ""paid"": ""288"", ""currency"": ""USD"", ""assetid"": ""48413023060""}"
30,True,Sealed Genesis Terminal,,,8784120970,"{""item_id"": ""8784120970"", ""market_hash_name"": ""Sealed Genesis Terminal"", ""class"": ""7488632023"", ""instance"": ""1363818010"", ""time"": ""1767131485"", ""settlement"": ""1767772800"", ""event"": ""buy"", ""app"": 730, ""stage"": ""1"", ""for"": null, ""custom_id"": null, ""paid"": ""288"", ""currency"": ""USD"", ""assetid"": ""48414033088""}"
31,True,Sealed Genesis Terminal,,,8784121640,"{""item_id"": ""8784121640"", ""market_hash_name"": ""Sealed Genesis Terminal"", ""class"": ""7488632023"", ""instance"": ""1363818010"", ""time"": ""1767131444"", ""settlement"": ""1767772800"", ""event"": ""buy"", ""app"": 730, ""stage"": ""1"", ""for"": null, ""custom_id"": null, ""paid"": ""288"", ""currency"": ""USD"", ""assetid"": ""48409271089""}"
32,True,Sealed Genesis Terminal,,,8782284770,"{""item_id"": ""8782284770"", ""market_hash_name"": ""Sealed Genesis Terminal"", ""class"": ""7488632023"", ""instance"": ""7878290264"", ""time"": ""1767131067"", ""settlement"": ""1767772800"", ""event"": ""buy"", ""app"": 730, ""stage"": ""1"", ""for"": null, ""custom_id"": null, ""paid"": ""289"", ""currency"": ""USD"", ""assetid"": ""48555806681""}"
33,True,Sealed Genesis Terminal,,,8557709679,"{""item_id"": ""8557709679"", ""market_hash_name"": ""Sealed Genesis Terminal"", ""class"": ""7488632023"", ""instance"": ""302028390"", ""time"": ""1767124756"", ""settlement"": null, ""event"": ""buy"", ""app"": 730, ""stage"": ""5"", ""for"": null, ""custom_id"": null, ""causer"": ""seller"", ""paid"": ""264"", ""currency"": ""USD"", ""assetid"": ""48229303870""}"
34,True,Sealed Genesis Terminal,,,8557705749,"{""item_id"": ""8557705749"", ""market_hash_name"": ""Sealed Genesis Terminal"", ""class"": ""7488632023"", ""instance"": ""302028390"", ""time"": ""1767124733"", ""settlement"": ""1767772800"", ""event"": ""buy"", ""app"": 730, ""stage"": ""1"", ""for"": null, ""custom_id"": null, ""paid"": ""264"", ""currency"": ""USD"", ""assetid"": ""47678380119""}"
35,True,Sealed Genesis Terminal,,,8557577449,"{""item_id"": ""8557577449"", ""market_hash_name"": ""Sealed Genesis Terminal"", ""class"": ""7488632023"", ""instance"": ""302028390"", ""time"": ""1767124722"", ""settlement"": ""1767772800"", ""event"": ""buy"", ""app"": 730, ""stage"": ""1"", ""for"": null, ""custom_id"": null, ""paid"": ""264"", ""currency"": ""USD""}"
36,True,Sealed Genesis Terminal,,,8557577099,"{""item_id"": ""8557577099"", ""market_hash_name"": ""Sealed Genesis Terminal"", ""class"": ""7488632023"", ""instance"": ""302028390"", ""time"": ""1767124719"", ""settlement"": ""1767772800"", ""event"": ""buy"", ""app"": 730, ""stage"": ""1"", ""for"": null, ""custom_id"": null, ""paid"": ""264"", ""currency"": ""USD""}"
37,True,Sealed Genesis Terminal,,,8557577069,"{""item_id"": ""8557577069"", ""market_hash_name"": ""Sealed Genesis Terminal"", ""class"": ""7488632023"", ""instance"": ""302028390"", ""time"": ""1767124709"", ""settlement"": ""1767772800"", ""event"": ""buy"", ""app"": 730, ""stage"": ""1"", ""for"": null, ""custom_id"": null, ""paid"": ""264"", ""currency"": ""USD""}"
38,True,Sealed Genesis Terminal,,,8557574349,"{""item_id"": ""8557574349"", ""market_hash_name"": ""Sealed Genesis Terminal"", ""class"": ""7488632023"", ""instance"": ""302028390"", ""time"": ""1767124696"", ""settlement"": ""1767772800"", ""event"": ""buy"", ""app"": 730, ""stage"": ""1"", ""for"": null, ""custom_id"": null, ""paid"": ""264"", ""currency"": ""USD""}"
39,True,Sealed Genesis Terminal,,,8557778329,"{""item_id"": ""8557778329"", ""market_hash_name"": ""Sealed Genesis Terminal"", ""class"": ""7488632023"", ""instance"": ""302028390"", ""time"": ""1767124497"", ""settlement"": ""1767772800"", ""event"": ""buy"", ""app"": 730, ""stage"": ""1"", ""for"": null, ""custom_id"": null, ""paid"": ""264"", ""currency"": ""USD"", ""assetid"": ""47896002254""}"
40,False,StatTrak™ P90 | Cocoa Rampage (Factory New),,,8679888309,"{""item_id"": ""8679888309"", ""market_hash_name"": ""StatTrak™ P90 | Cocoa Rampage (Factory New)"", ""class"": ""4141782436"", ""instance"": ""6280660730"", ""time"": ""1767115714"", ""settlement"": null, ""event"": ""sell"", ""app"": 730, ""stage"": ""5"", ""for"": null, ""custom_id"": null, ""causer"": ""seller"", ""received"": ""2699"", ""currency"": ""USD"", ""assetid"": ""48493756627""}"
41,True,Sealed Genesis Terminal,,,8784121790,"{""item_id"": ""8784121790"", ""market_hash_name"": ""Sealed Genesis Terminal"", ""class"": ""7488632023"", ""instance"": ""302028390"", ""time"": ""1767115288"", ""settlement"": ""1767772800"", ""event"": ""buy"", ""app"": 730, ""stage"": ""1"", ""for"": null, ""custom_id"": null, ""paid"": ""290"", ""currency"": ""USD"", ""assetid"": ""48320075634""}"
42,True,Sealed Genesis Terminal,,,8784121710,"{""item_id"": ""8784121710"", ""market_hash_name"": ""Sealed Genesis Terminal"", ""class"": ""7488632023"", ""instance"": ""302028390"", ""time"": ""1767115264"", ""settlement"": ""1767772800"", ""event"": ""buy"", ""app"": 730, ""stage"": ""1"", ""for"": null, ""custom_id"": null, ""paid"": ""290"", ""currency"": ""USD"", ""assetid"": ""48317744896""}"
43,True,Sealed Genesis Terminal,,,8764587280,"{""item_id"": ""8764587280"", ""market_hash_name"": ""Sealed Genesis Terminal"", ""class"": ""7488632023"", ""instance"": ""1363818010"", ""time"": ""1767111199"", ""settlement"": ""1767772800"", ""event"": ""buy"", ""app"": 730, ""stage"": ""1"", ""for"": null, ""custom_id"": null, ""paid"": ""288"", ""currency"": ""USD"", ""assetid"": ""48243684017""}"
44,True,Sealed Genesis Terminal,,,8783021300,"{""item_id"": ""8783021300"", ""market_hash_name"": ""Sealed Genesis Terminal"", ""class"": ""7488632023"", ""instance"": ""1363818010"", ""time"": ""1767098852"", ""settlement"": null, ""event"": ""buy"", ""app"": 730, ""stage"": ""5"", ""for"": null, ""custom_id"": null, ""causer"": ""seller"", ""paid"": ""290"", ""currency"": ""USD"", ""assetid"": ""47825642605""}"
45,True,Sealed Genesis Terminal,,,8769206630,"{""item_id"": ""8769206630"", ""market_hash_name"": ""Sealed Genesis Terminal"", ""class"": ""7488632023"", ""instance"": ""7869012839"", ""time"": ""1767095552"", ""settlement"": ""1767772800"", ""event"": ""buy"", ""app"": 730, ""stage"": ""1"", ""for"": null, ""custom_id"": null, ""paid"": ""293"", ""currency"": ""USD"", ""assetid"": ""48521184644""}"
46,True,Sealed Genesis Terminal,,,8737038699,"{""item_id"": ""8737038699"", ""market_hash_name"": ""Sealed Genesis Terminal"", ""class"": ""7488632023"", ""instance"": ""302028390"", ""time"": ""1767091386"", ""settlement"": null, ""event"": ""buy"", ""app"": 730, ""stage"": ""5"", ""for"": null, ""custom_id"": null, ""causer"": ""seller"", ""paid"": ""281"", ""currency"": ""USD"", ""assetid"": ""48622137486""}"
47,False,StatTrak™ Negev | Power Loader (Well-Worn),,,8781675810,"{""item_id"": ""8781675810"", ""market_hash_name"": ""StatTrak™ Negev | Power Loader (Well-Worn)"", ""class"": ""1441226956"", ""instance"": ""7878451773"", ""time"": ""1767091117"", ""settlement"": ""1767772800"", ""event"": ""sell"", ""app"": 730, ""stage"": ""1"", ""for"": null, ""custom_id"": null, ""received"": ""6650"", ""currency"": ""USD"", ""assetid"": ""48555404745""}"
48,True,Sealed Genesis Terminal,,,8776955190,"{""item_id"": ""8776955190"", ""market_hash_name"": ""Sealed Genesis Terminal"", ""class"": ""7488632023"", ""instance"": ""7873816439"", ""time"": ""1767035724"", ""settlement"": ""1767686400"", ""event"": ""buy"", ""app"": 730, ""stage"": ""1"", ""for"": null, ""custom_id"": null, ""paid"": ""287"", ""currency"": ""USD"", ""assetid"": ""48547025603""}"
49,True,Sealed Genesis Terminal,,,8775794880,"{""item_id"": ""8775794880"", ""market_hash_name"": ""Sealed Genesis Terminal"", ""class"": ""7488632023"", ""instance"": ""7665846971"", ""time"": ""1767033221"", ""settlement"": null, ""event"": ""buy"", ""app"": 730, ""stage"": ""5"", ""for"": null, ""custom_id"": null, ""causer"": ""seller"", ""paid"": ""288"", ""currency"": ""USD"", ""assetid"": ""47514177826""}"
50,True,Sealed Genesis Terminal,,,8776387530,"{""item_id"": ""8776387530"", ""market_hash_name"": ""Sealed Genesis Terminal"", ""class"": ""7488632023"", ""instance"": ""302028390"", ""time"": ""1767026507"", ""settlement"": ""1767686400"", ""event"": ""buy"", ""app"": 730, ""stage"": ""1"", ""for"": null, ""custom_id"": null, ""paid"": ""285"", ""currency"": ""USD"", ""assetid"": ""48292985537""}"
51,True,Sealed Genesis Terminal,,,8775724340,"{""item_id"": ""8775724340"", ""market_hash_name"": ""Sealed Genesis Terminal"", ""class"": ""7488632023"", ""instance"": ""1363818010"", ""time"": ""1767019799"", ""settlement"": ""1767686400"", ""event"": ""buy"", ""app"": 730, ""stage"": ""1"", ""for"": null, ""custom_id"": null, ""paid"": ""289"", ""currency"": ""USD"", ""assetid"": ""48389547912""}"
52,True,Sealed Genesis Terminal,,,8775723970,"{""item_id"": ""8775723970"", ""market_hash_name"": ""Sealed Genesis Terminal"", ""class"": ""7488632023"", ""instance"": ""1363818010"", ""time"": ""1767019792"", ""settlement"": ""1767686400"", ""event"": ""buy"", ""app"": 730, ""stage"": ""1"", ""for"": null, ""custom_id"": null, ""paid"": ""289"", ""currency"": ""USD"", ""assetid"": ""48389529766""}"
53,True,Sealed Genesis Terminal,,,8775723910,"{""item_id"": ""8775723910"", ""market_hash_name"": ""Sealed Genesis Terminal"", ""class"": ""7488632023"", ""instance"": ""1363818010"", ""time"": ""1767019785"", ""settlement"": ""1767686400"", ""event"": ""buy"", ""app"": 730, ""stage"": ""1"", ""for"": null, ""custom_id"": null, ""paid"": ""289"", ""currency"": ""USD"", ""assetid"": ""48389545510""}"
54,True,Sealed Genesis Terminal,,,8775723390,"{""item_id"": ""8775723390"", ""market_hash_name"": ""Sealed Genesis Terminal"", ""class"": ""7488632023"", ""instance"": ""1363818010"", ""time"": ""1767019767"", ""settlement"": ""1767686400"", ""event"": ""buy"", ""app"": 730, ""stage"": ""1"", ""for"": null, ""custom_id"": null, ""paid"": ""289"", ""currency"": ""USD"", ""assetid"": ""48359729624""}"
55,True,Sealed Genesis Terminal,,,8775748740,"{""item_id"": ""8775748740"", ""market_hash_name"": ""Sealed Genesis Terminal"", ""class"": ""7488632023"", ""instance"": ""1363818010"", ""time"": ""1767019760"", ""settlement"": ""1767686400"", ""event"": ""buy"", ""app"": 730, ""stage"": ""1"", ""for"": null, ""custom_id"": null, ""paid"": ""289"", ""currency"": ""USD"", ""assetid"": ""48398911870""}"
56,True,Sealed Genesis Terminal,,,8775733030,"{""item_id"": ""8775733030"", ""market_hash_name"": ""Sealed Genesis Terminal"", ""class"": ""7488632023"", ""instance"": ""1363818010"", ""time"": ""1767019753"", ""settlement"": ""1767686400"", ""event"": ""buy"", ""app"": 730, ""stage"": ""1"", ""for"": null, ""custom_id"": null, ""paid"": ""289"", ""currency"": ""USD"", ""assetid"": ""48408999964""}"
57,True,Sealed Genesis Terminal,,,8775731420,"{""item_id"": ""8775731420"", ""market_hash_name"": ""Sealed Genesis Terminal"", ""class"": ""7488632023"", ""instance"": ""1363818010"", ""time"": ""1767019745"", ""settlement"": ""1767686400"", ""event"": ""buy"", ""app"": 730, ""stage"": ""1"", ""for"": null, ""custom_id"": null, ""paid"": ""289"", ""currency"": ""USD"", ""assetid"": ""48340345180""}"
58,True,Sealed Genesis Terminal,,,8775729420,"{""item_id"": ""8775729420"", ""market_hash_name"": ""Sealed Genesis Terminal"", ""class"": ""7488632023"", ""instance"": ""1363818010"", ""time"": ""1767019725"", ""settlement"": ""1767686400"", ""event"": ""buy"", ""app"": 730, ""stage"": ""1"", ""for"": null, ""custom_id"": null, ""paid"": ""289"", ""currency"": ""USD"", ""assetid"": ""48342741875""}"
59,True,Sealed Genesis Terminal,,,8775728130,"{""item_id"": ""8775728130"", ""market_hash_name"": ""Sealed Genesis Terminal"", ""class"": ""7488632023"", ""instance"": ""1363818010"", ""time"": ""1767019721"", ""settlement"": ""1767686400"", ""event"": ""buy"", ""app"": 730, ""stage"": ""1"", ""for"": null, ""custom_id"": null, ""paid"": ""289"", ""currency"": ""USD"", ""assetid"": ""48389537685""}"
60,True,Sealed Genesis Terminal,,,8775727890,"{""item_id"": ""8775727890"", ""market_hash_name"": ""Sealed Genesis Terminal"", ""class"": ""7488632023"", ""instance"": ""1363818010"", ""time"": ""1767019718"", ""settlement"": ""1767686400"", ""event"": ""buy"", ""app"": 730, ""stage"": ""1"", ""for"": null, ""custom_id"": null, ""paid"": ""289"", ""currency"": ""USD"", ""assetid"": ""48431525800""}"
61,True,Sealed Genesis Terminal,,,8775727550,"{""item_id"": ""8775727550"", ""market_hash_name"": ""Sealed Genesis Terminal"", ""class"": ""7488632023"", ""instance"": ""1363818010"", ""time"": ""1767019711"", ""settlement"": ""1767686400"", ""event"": ""buy"", ""app"": 730, ""stage"": ""1"", ""for"": null, ""custom_id"": null, ""paid"": ""289"", ""currency"": ""USD"", ""assetid"": ""48356551963""}"
62,True,Sealed Genesis Terminal,,,8775727510,"{""item_id"": ""8775727510"", ""market_hash_name"": ""Sealed Genesis Terminal"", ""class"": ""7488632023"", ""instance"": ""1363818010"", ""time"": ""1767019707"", ""settlement"": ""1767686400"", ""event"": ""buy"", ""app"": 730, ""stage"": ""1"", ""for"": null, ""custom_id"": null, ""paid"": ""289"", ""currency"": ""USD"", ""assetid"": ""48429415199""}"
63,True,Sealed Genesis Terminal,,,8775727050,"{""item_id"": ""8775727050"", ""market_hash_name"": ""Sealed Genesis Terminal"", ""class"": ""7488632023"", ""instance"": ""1363818010"", ""time"": ""1767019699"", ""settlement"": ""1767686400"", ""event"": ""buy"", ""app"": 730, ""stage"": ""1"", ""for"": null, ""custom_id"": null, ""paid"": ""289"", ""currency"": ""USD"", ""assetid"": ""48346506027""}"
64,True,Sealed Genesis Terminal,,,8775726620,"{""item_id"": ""8775726620"", ""market_hash_name"": ""Sealed Genesis Terminal"", ""class"": ""7488632023"", ""instance"": ""1363818010"", ""time"": ""1767019696"", ""settlement"": ""1767686400"", ""event"": ""buy"", ""app"": 730, ""stage"": ""1"", ""for"": null, ""custom_id"": null, ""paid"": ""289"", ""currency"": ""USD"", ""assetid"": ""48389535982""}"
65,True,Sealed Genesis Terminal,,,8775726590,"{""item_id"": ""8775726590"", ""market_hash_name"": ""Sealed Genesis Terminal"", ""class"": ""7488632023"", ""instance"": ""1363818010"", ""time"": ""1767019688"", ""settlement"": ""1767686400"", ""event"": ""buy"", ""app"": 730, ""stage"": ""1"", ""for"": null, ""custom_id"": null, ""paid"": ""289"", ""currency"": ""USD"", ""assetid"": ""48338143789""}"
66,True,Sealed Genesis Terminal,,,8775726570,"{""item_id"": ""8775726570"", ""market_hash_name"": ""Sealed Genesis Terminal"", ""class"": ""7488632023"", ""instance"": ""1363818010"", ""time"": ""1767019686"", ""settlement"": ""1767686400"", ""event"": ""buy"", ""app"": 730, ""stage"": ""1"", ""for"": null, ""custom_id"": null, ""paid"": ""289"", ""currency"": ""USD"", ""assetid"": ""48340275873""}"
67,True,Sealed Genesis Terminal,,,8775726090,"{""item_id"": ""8775726090"", ""market_hash_name"": ""Sealed Genesis Terminal"", ""class"": ""7488632023"", ""instance"": ""1363818010"", ""time"": ""1767019682"", ""settlement"": ""1767686400"", ""event"": ""buy"", ""app"": 730, ""stage"": ""1"", ""for"": null, ""custom_id"": null, ""paid"": ""289"", ""currency"": ""USD"", ""assetid"": ""48356557311""}"
68,True,Sealed Genesis Terminal,,,8775724560,"{""item_id"": ""8775724560"", ""market_hash_name"": ""Sealed Genesis Terminal"", ""class"": ""7488632023"", ""instance"": ""1363818010"", ""time"": ""1767019440"", ""settlement"": ""1767686400"", ""event"": ""buy"", ""app"": 730, ""stage"": ""1"", ""for"": null, ""custom_id"": null, ""paid"": ""289"", ""currency"": ""USD"", ""assetid"": ""48389549576""}"
69,True,Sealed Genesis Terminal,,,8772965110,"{""item_id"": ""8772965110"", ""market_hash_name"": ""Sealed Genesis Terminal"", ""class"": ""7488632023"", ""instance"": ""7873816439"", ""time"": ""1767019437"", ""settlement"": ""1767686400"", ""event"": ""buy"", ""app"": 730, ""stage"": ""1"", ""for"": null, ""custom_id"": null, ""paid"": ""286"", ""currency"": ""USD"", ""assetid"": ""48547554714""}"
70,True,Sealed Genesis Terminal,,,8775825240,"{""item_id"": ""8775825240"", ""market_hash_name"": ""Sealed Genesis Terminal"", ""class"": ""7488632023"", ""instance"": ""7858916718"", ""time"": ""1767019433"", ""settlement"": ""1767686400"", ""event"": ""buy"", ""app"": 730, ""stage"": ""1"", ""for"": null, ""custom_id"": null, ""paid"": ""286"", ""currency"": ""USD"", ""assetid"": ""48489212287""}"
71,True,Sealed Genesis Terminal,,,8772965090,"{""item_id"": ""8772965090"", ""market_hash_name"": ""Sealed Genesis Terminal"", ""class"": ""7488632023"", ""instance"": ""7873816439"", ""time"": ""1767019425"", ""settlement"": ""1767686400"", ""event"": ""buy"", ""app"": 730, ""stage"": ""1"", ""for"": null, ""custom_id"": null, ""paid"": ""286"", ""currency"": ""USD"", ""assetid"": ""48547554738""}"
72,True,Sealed Genesis Terminal,,,8775825150,"{""item_id"": ""8775825150"", ""market_hash_name"": ""Sealed Genesis Terminal"", ""class"": ""7488632023"", ""instance"": ""7858916718"", ""time"": ""1767019417"", ""settlement"": ""1767686400"", ""event"": ""buy"", ""app"": 730, ""stage"": ""1"", ""for"": null, ""custom_id"": null, ""paid"": ""286"", ""currency"": ""USD"", ""assetid"": ""48489162568""}"
73,True,Sealed Genesis Terminal,,,8775825140,"{""item_id"": ""8775825140"", ""market_hash_name"": ""Sealed Genesis Terminal"", ""class"": ""7488632023"", ""instance"": ""7858916718"", ""time"": ""1767019412"", ""settlement"": ""1767686400"", ""event"": ""buy"", ""app"": 730, ""stage"": ""1"", ""for"": null, ""custom_id"": null, ""paid"": ""286"", ""currency"": ""USD"", ""assetid"": ""48489162821""}"
74,True,Sealed Genesis Terminal,,,8775825110,"{""item_id"": ""8775825110"", ""market_hash_name"": ""Sealed Genesis Terminal"", ""class"": ""7488632023"", ""instance"": ""7858916718"", ""time"": ""1767019403"", ""settlement"": ""1767686400"", ""event"": ""buy"", ""app"": 730, ""stage"": ""1"", ""for"": null, ""custom_id"": null, ""paid"": ""286"", ""currency"": ""USD"", ""assetid"": ""48489173377""}"
75,True,Sealed Genesis Terminal,,,8775726040,"{""item_id"": ""8775726040"", ""market_hash_name"": ""Sealed Genesis Terminal"", ""class"": ""7488632023"", ""instance"": ""1363818010"", ""time"": ""1767019201"", ""settlement"": ""1767686400"", ""event"": ""buy"", ""app"": 730, ""stage"": ""1"", ""for"": null, ""custom_id"": null, ""paid"": ""289"", ""currency"": ""USD"", ""assetid"": ""48344703391""}"
76,True,Sealed Genesis Terminal,,,8775725450,"{""item_id"": ""8775725450"", ""market_hash_name"": ""Sealed Genesis Terminal"", ""class"": ""7488632023"", ""instance"": ""1363818010"", ""time"": ""1767019193"", ""settlement"": ""1767686400"", ""event"": ""buy"", ""app"": 730, ""stage"": ""1"", ""for"": null, ""custom_id"": null, ""paid"": ""289"", ""currency"": ""USD"", ""assetid"": ""48429409142""}"
77,True,Sealed Genesis Terminal,,,8775725400,"{""item_id"": ""8775725400"", ""market_hash_name"": ""Sealed Genesis Terminal"", ""class"": ""7488632023"", ""instance"": ""1363818010"", ""time"": ""1767019184"", ""settlement"": ""1767686400"", ""event"": ""buy"", ""app"": 730, ""stage"": ""1"", ""for"": null, ""custom_id"": null, ""paid"": ""289"", ""currency"": ""USD"", ""assetid"": ""48356555623""}"
78,True,Sealed Genesis Terminal,,,8775764550,"{""item_id"": ""8775764550"", ""market_hash_name"": ""Sealed Genesis Terminal"", ""class"": ""7488632023"", ""instance"": ""1363818010"", ""time"": ""1767019182"", ""settlement"": ""1767686400"", ""event"": ""buy"", ""app"": 730, ""stage"": ""1"", ""for"": null, ""custom_id"": null, ""paid"": ""289"", ""currency"": ""USD"", ""assetid"": ""48331232913""}"
79,True,Sealed Genesis Terminal,,,8775764280,"{""item_id"": ""8775764280"", ""market_hash_name"": ""Sealed Genesis Terminal"", ""class"": ""7488632023"", ""instance"": ""1363818010"", ""time"": ""1767019176"", ""settlement"": ""1767686400"", ""event"": ""buy"", ""app"": 730, ""stage"": ""1"", ""for"": null, ""custom_id"": null, ""paid"": ""289"", ""currency"": ""USD"", ""assetid"": ""48356628090""}"
80,True,Sealed Genesis Terminal,,,8775762880,"{""item_id"": ""8775762880"", ""market_hash_name"": ""Sealed Genesis Terminal"", ""class"": ""7488632023"", ""instance"": ""1363818010"", ""time"": ""1767019168"", ""settlement"": ""1767686400"", ""event"": ""buy"", ""app"": 730, ""stage"": ""1"", ""for"": null, ""custom_id"": null, ""paid"": ""289"", ""currency"": ""USD"", ""assetid"": ""48393243169""}"
81,True,Sealed Genesis Terminal,,,8775762140,"{""item_id"": ""8775762140"", ""market_hash_name"": ""Sealed Genesis Terminal"", ""class"": ""7488632023"", ""instance"": ""1363818010"", ""time"": ""1767019160"", ""settlement"": ""1767686400"", ""event"": ""buy"", ""app"": 730, ""stage"": ""1"", ""for"": null, ""custom_id"": null, ""paid"": ""289"", ""currency"": ""USD"", ""assetid"": ""48339344122""}"
82,True,Sealed Genesis Terminal,,,8775759370,"{""item_id"": ""8775759370"", ""market_hash_name"": ""Sealed Genesis Terminal"", ""class"": ""7488632023"", ""instance"": ""1363818010"", ""time"": ""1767019154"", ""settlement"": ""1767686400"", ""event"": ""buy"", ""app"": 730, ""stage"": ""1"", ""for"": null, ""custom_id"": null, ""paid"": ""289"", ""currency"": ""USD"", ""assetid"": ""48369699556""}"
83,True,Sealed Genesis Terminal,,,8775758810,"{""item_id"": ""8775758810"", ""market_hash_name"": ""Sealed Genesis Terminal"", ""class"": ""7488632023"", ""instance"": ""1363818010"", ""time"": ""1767019152"", ""settlement"": ""1767686400"", ""event"": ""buy"", ""app"": 730, ""stage"": ""1"", ""for"": null, ""custom_id"": null, ""paid"": ""289"", ""currency"": ""USD"", ""assetid"": ""48356615870""}"
84,True,Sealed Genesis Terminal,,,8775758010,"{""item_id"": ""8775758010"", ""market_hash_name"": ""Sealed Genesis Terminal"", ""class"": ""7488632023"", ""instance"": ""1363818010"", ""time"": ""1767019150"", ""settlement"": ""1767686400"", ""event"": ""buy"", ""app"": 730, ""stage"": ""1"", ""for"": null, ""custom_id"": null, ""paid"": ""289"", ""currency"": ""USD"", ""assetid"": ""48314058968""}"
85,True,Sealed Genesis Terminal,,,8775756950,"{""item_id"": ""8775756950"", ""market_hash_name"": ""Sealed Genesis Terminal"", ""class"": ""7488632023"", ""instance"": ""1363818010"", ""time"": ""1767019146"", ""settlement"": ""1767686400"", ""event"": ""buy"", ""app"": 730, ""stage"": ""1"", ""for"": null, ""custom_id"": null, ""paid"": ""289"", ""currency"": ""USD"", ""assetid"": ""48358706056""}"
86,True,Sealed Genesis Terminal,,,8775756800,"{""item_id"": ""8775756800"", ""market_hash_name"": ""Sealed Genesis Terminal"", ""class"": ""7488632023"", ""instance"": ""1363818010"", ""time"": ""1767019132"", ""settlement"": ""1767686400"", ""event"": ""buy"", ""app"": 730, ""stage"": ""1"", ""for"": null, ""custom_id"": null, ""paid"": ""289"", ""currency"": ""USD"", ""assetid"": ""48415779619""}"
87,True,Sealed Genesis Terminal,,,8775756140,"{""item_id"": ""8775756140"", ""market_hash_name"": ""Sealed Genesis Terminal"", ""class"": ""7488632023"", ""instance"": ""1363818010"", ""time"": ""1767019129"", ""settlement"": ""1767686400"", ""event"": ""buy"", ""app"": 730, ""stage"": ""1"", ""for"": null, ""custom_id"": null, ""paid"": ""289"", ""currency"": ""USD"", ""assetid"": ""48325359605""}"
88,True,Sealed Genesis Terminal,,,8775725030,"{""item_id"": ""8775725030"", ""market_hash_name"": ""Sealed Genesis Terminal"", ""class"": ""7488632023"", ""instance"": ""1363818010"", ""time"": ""1767019104"", ""settlement"": ""1767686400"", ""event"": ""buy"", ""app"": 730, ""stage"": ""1"", ""for"": null, ""custom_id"": null, ""paid"": ""289"", ""currency"": ""USD"", ""assetid"": ""48362666931""}"
89,True,Sealed Genesis Terminal,,,8775745980,"{""item_id"": ""8775745980"", ""market_hash_name"": ""Sealed Genesis Terminal"", ""class"": ""7488632023"", ""instance"": ""1363818010"", ""time"": ""1767019096"", ""settlement"": ""1767686400"", ""event"": ""buy"", ""app"": 730, ""stage"": ""1"", ""for"": null, ""custom_id"": null, ""paid"": ""289"", ""currency"": ""USD"", ""assetid"": ""48356621619""}"
90,True,Sealed Genesis Terminal,,,8775733690,"{""item_id"": ""8775733690"", ""market_hash_name"": ""Sealed Genesis Terminal"", ""class"": ""7488632023"", ""instance"": ""1363818010"", ""time"": ""1767019088"", ""settlement"": ""1767686400"", ""event"": ""buy"", ""app"": 730, ""stage"": ""1"", ""for"": null, ""custom_id"": null, ""paid"": ""289"", ""currency"": ""USD"", ""assetid"": ""48372654254""}"
91,True,Sealed Genesis Terminal,,,8775733510,"{""item_id"": ""8775733510"", ""market_hash_name"": ""Sealed Genesis Terminal"", ""class"": ""7488632023"", ""instance"": ""1363818010"", ""time"": ""1767019086"", ""settlement"": ""1767686400"", ""event"": ""buy"", ""app"": 730, ""stage"": ""1"", ""for"": null, ""custom_id"": null, ""paid"": ""289"", ""currency"": ""USD"", ""assetid"": ""48392400835""}"
92,True,Sealed Genesis Terminal,,,8775733280,"{""item_id"": ""8775733280"", ""market_hash_name"": ""Sealed Genesis Terminal"", ""class"": ""7488632023"", ""instance"": ""1363818010"", ""time"": ""1767019078"", ""settlement"": ""1767686400"", ""event"": ""buy"", ""app"": 730, ""stage"": ""1"", ""for"": null, ""custom_id"": null, ""paid"": ""289"", ""currency"": ""USD"", ""assetid"": ""48440542815""}"
93,True,Sealed Genesis Terminal,,,8775733140,"{""item_id"": ""8775733140"", ""market_hash_name"": ""Sealed Genesis Terminal"", ""class"": ""7488632023"", ""instance"": ""1363818010"", ""time"": ""1767019071"", ""settlement"": ""1767686400"", ""event"": ""buy"", ""app"": 730, ""stage"": ""1"", ""for"": null, ""custom_id"": null, ""paid"": ""289"", ""currency"": ""USD"", ""assetid"": ""48428190332""}"
94,True,Sealed Genesis Terminal,,,8775769740,"{""item_id"": ""8775769740"", ""market_hash_name"": ""Sealed Genesis Terminal"", ""class"": ""7488632023"", ""instance"": ""1363818010"", ""time"": ""1767019068"", ""settlement"": ""1767686400"", ""event"": ""buy"", ""app"": 730, ""stage"": ""1"", ""for"": null, ""custom_id"": null, ""paid"": ""289"", ""currency"": ""USD"", ""assetid"": ""48356627305""}"
95,True,Sealed Genesis Terminal,,,8775768800,"{""item_id"": ""8775768800"", ""market_hash_name"": ""Sealed Genesis Terminal"", ""class"": ""7488632023"", ""instance"": ""1363818010"", ""time"": ""1767019061"", ""settlement"": ""1767686400"", ""event"": ""buy"", ""app"": 730, ""stage"": ""1"", ""for"": null, ""custom_id"": null, ""paid"": ""289"", ""currency"": ""USD"", ""assetid"": ""48369721739""}"
96,True,Sealed Genesis Terminal,,,8775768330,"{""item_id"": ""8775768330"", ""market_hash_name"": ""Sealed Genesis Terminal"", ""class"": ""7488632023"", ""instance"": ""1363818010"", ""time"": ""1767019059"", ""settlement"": ""1767686400"", ""event"": ""buy"", ""app"": 730, ""stage"": ""1"", ""for"": null, ""custom_id"": null, ""paid"": ""289"", ""currency"": ""USD"", ""assetid"": ""48321986503""}"
97,True,Sealed Genesis Terminal,,,8775767650,"{""item_id"": ""8775767650"", ""market_hash_name"": ""Sealed Genesis Terminal"", ""class"": ""7488632023"", ""instance"": ""1363818010"", ""time"": ""1767019052"", ""settlement"": ""1767686400"", ""event"": ""buy"", ""app"": 730, ""stage"": ""1"", ""for"": null, ""custom_id"": null, ""paid"": ""289"", ""currency"": ""USD"", ""assetid"": ""48313519073""}"
98,True,Sealed Genesis Terminal,,,8775766810,"{""item_id"": ""8775766810"", ""market_hash_name"": ""Sealed Genesis Terminal"", ""class"": ""7488632023"", ""instance"": ""1363818010"", ""time"": ""1767019050"", ""settlement"": ""1767686400"", ""event"": ""buy"", ""app"": 730, ""stage"": ""1"", ""for"": null, ""custom_id"": null, ""paid"": ""289"", ""currency"": ""USD"", ""assetid"": ""48339365552""}"
99,True,Sealed Genesis Terminal,,,8775765970,"{""item_id"": ""8775765970"", ""market_hash_name"": ""Sealed Genesis Terminal"", ""class"": ""7488632023"", ""instance"": ""1363818010"", ""time"": ""1767019039"", ""settlement"": ""1767686400"", ""event"": ""buy"", ""app"": 730, ""stage"": ""1"", ""for"": null, ""custom_id"": null, ""paid"": ""289"", ""currency"": ""USD"", ""assetid"": ""48338625378""}"
100,True,Sealed Genesis Terminal,,,8775765330,"{""item_id"": ""8775765330"", ""market_hash_name"": ""Sealed Genesis Terminal"", ""class"": ""7488632023"", ""instance"": ""1363818010"", ""time"": ""1767019028"", ""settlement"": ""1767686400"", ""event"": ""buy"", ""app"": 730, ""stage"": ""1"", ""for"": null, ""custom_id"": null, ""paid"": ""289"", ""currency"": ""USD"", ""assetid"": ""48315767255""}"
101,True,Sealed Genesis Terminal,,,8775765250,"{""item_id"": ""8775765250"", ""market_hash_name"": ""Sealed Genesis Terminal"", ""class"": ""7488632023"", ""instance"": ""1363818010"", ""time"": ""1767019020"", ""settlement"": ""1767686400"", ""event"": ""buy"", ""app"": 730, ""stage"": ""1"", ""for"": null, ""custom_id"": null, ""paid"": ""289"", ""currency"": ""USD"", ""assetid"": ""48369716635""}"
102,True,Sealed Genesis Terminal,,,8775765130,"{""item_id"": ""8775765130"", ""market_hash_name"": ""Sealed Genesis Terminal"", ""class"": ""7488632023"", ""instance"": ""1363818010"", ""time"": ""1767019006"", ""settlement"": ""1767686400"", ""event"": ""buy"", ""app"": 730, ""stage"": ""1"", ""for"": null, ""custom_id"": null, ""paid"": ""289"", ""currency"": ""USD"", ""assetid"": ""48356639249""}"
103,True,Sealed Genesis Terminal,,,8775765100,"{""item_id"": ""8775765100"", ""market_hash_name"": ""Sealed Genesis Terminal"", ""class"": ""7488632023"", ""instance"": ""1363818010"", ""time"": ""1767018999"", ""settlement"": ""1767686400"", ""event"": ""buy"", ""app"": 730, ""stage"": ""1"", ""for"": null, ""custom_id"": null, ""paid"": ""289"", ""currency"": ""USD"", ""assetid"": ""48338614749""}"
104,True,Sealed Genesis Terminal,,,8775764460,"{""item_id"": ""8775764460"", ""market_hash_name"": ""Sealed Genesis Terminal"", ""class"": ""7488632023"", ""instance"": ""1363818010"", ""time"": ""1767018992"", ""settlement"": ""1767686400"", ""event"": ""buy"", ""app"": 730, ""stage"": ""1"", ""for"": null, ""custom_id"": null, ""paid"": ""289"", ""currency"": ""USD"", ""assetid"": ""48389698164""}"
105,True,Sealed Genesis Terminal,,,8775732820,"{""item_id"": ""8775732820"", ""market_hash_name"": ""Sealed Genesis Terminal"", ""class"": ""7488632023"", ""instance"": ""1363818010"", ""time"": ""1767018989"", ""settlement"": ""1767686400"", ""event"": ""buy"", ""app"": 730, ""stage"": ""1"", ""for"": null, ""custom_id"": null, ""paid"": ""289"", ""currency"": ""USD"", ""assetid"": ""48329180060""}"
106,True,Sealed Genesis Terminal,,,8775763650,"{""item_id"": ""8775763650"", ""market_hash_name"": ""Sealed Genesis Terminal"", ""class"": ""7488632023"", ""instance"": ""1363818010"", ""time"": ""1767018908"", ""settlement"": ""1767686400"", ""event"": ""buy"", ""app"": 730, ""stage"": ""1"", ""for"": null, ""custom_id"": null, ""paid"": ""289"", ""currency"": ""USD"", ""assetid"": ""48391947627""}"
107,True,Sealed Genesis Terminal,,,8775762910,"{""item_id"": ""8775762910"", ""market_hash_name"": ""Sealed Genesis Terminal"", ""class"": ""7488632023"", ""instance"": ""1363818010"", ""time"": ""1767018876"", ""settlement"": ""1767686400"", ""event"": ""buy"", ""app"": 730, ""stage"": ""1"", ""for"": null, ""custom_id"": null, ""paid"": ""289"", ""currency"": ""USD"", ""assetid"": ""48321966807""}"
108,True,Sealed Genesis Terminal,,,8775724940,"{""item_id"": ""8775724940"", ""market_hash_name"": ""Sealed Genesis Terminal"", ""class"": ""7488632023"", ""instance"": ""1363818010"", ""time"": ""1767018861"", ""settlement"": ""1767686400"", ""event"": ""buy"", ""app"": 730, ""stage"": ""1"", ""for"": null, ""custom_id"": null, ""paid"": ""289"", ""currency"": ""USD"", ""assetid"": ""48358871702""}"
109,True,Sealed Genesis Terminal,,,8775770120,"{""item_id"": ""8775770120"", ""market_hash_name"": ""Sealed Genesis Terminal"", ""class"": ""7488632023"", ""instance"": ""1363818010"", ""time"": ""1767018847"", ""settlement"": ""1767686400"", ""event"": ""buy"", ""app"": 730, ""stage"": ""1"", ""for"": null, ""custom_id"": null, ""paid"": ""289"", ""currency"": ""USD"", ""assetid"": ""48359076188""}"
110,True,Sealed Genesis Terminal,,,8775762780,"{""item_id"": ""8775762780"", ""market_hash_name"": ""Sealed Genesis Terminal"", ""class"": ""7488632023"", ""instance"": ""1363818010"", ""time"": ""1767018810"", ""settlement"": ""1767686400"", ""event"": ""buy"", ""app"": 730, ""stage"": ""1"", ""for"": null, ""custom_id"": null, ""paid"": ""289"", ""currency"": ""USD"", ""assetid"": ""48356635123""}"
111,True,Sealed Genesis Terminal,,,8775769580,"{""item_id"": ""8775769580"", ""market_hash_name"": ""Sealed Genesis Terminal"", ""class"": ""7488632023"", ""instance"": ""1363818010"", ""time"": ""1767018807"", ""settlement"": ""1767686400"", ""event"": ""buy"", ""app"": 730, ""stage"": ""1"", ""for"": null, ""custom_id"": null, ""paid"": ""289"", ""currency"": ""USD"", ""assetid"": ""48369720084""}"
112,True,Sealed Genesis Terminal,,,8775769270,"{""item_id"": ""8775769270"", ""market_hash_name"": ""Sealed Genesis Terminal"", ""class"": ""7488632023"", ""instance"": ""1363818010"", ""time"": ""1767018798"", ""settlement"": ""1767686400"", ""event"": ""buy"", ""app"": 730, ""stage"": ""1"", ""for"": null, ""custom_id"": null, ""paid"": ""289"", ""currency"": ""USD"", ""assetid"": ""48369720899""}"
113,True,Sealed Genesis Terminal,,,8775762740,"{""item_id"": ""8775762740"", ""market_hash_name"": ""Sealed Genesis Terminal"", ""class"": ""7488632023"", ""instance"": ""1363818010"", ""time"": ""1767018740"", ""settlement"": ""1767686400"", ""event"": ""buy"", ""app"": 730, ""stage"": ""1"", ""for"": null, ""custom_id"": null, ""paid"": ""289"", ""currency"": ""USD"", ""assetid"": ""48398918389""}"
114,True,Sealed Genesis Terminal,,,8775768480,"{""item_id"": ""8775768480"", ""market_hash_name"": ""Sealed Genesis Terminal"", ""class"": ""7488632023"", ""instance"": ""1363818010"", ""time"": ""1767018731"", ""settlement"": ""1767686400"", ""event"": ""buy"", ""app"": 730, ""stage"": ""1"", ""for"": null, ""custom_id"": null, ""paid"": ""289"", ""currency"": ""USD"", ""assetid"": ""48356624065""}"
115,True,Sealed Genesis Terminal,,,8775762660,"{""item_id"": ""8775762660"", ""market_hash_name"": ""Sealed Genesis Terminal"", ""class"": ""7488632023"", ""instance"": ""1363818010"", ""time"": ""1767018727"", ""settlement"": ""1767686400"", ""event"": ""buy"", ""app"": 730, ""stage"": ""1"", ""for"": null, ""custom_id"": null, ""paid"": ""289"", ""currency"": ""USD"", ""assetid"": ""48356606306""}"
116,True,Sealed Genesis Terminal,,,8775731500,"{""item_id"": ""8775731500"", ""market_hash_name"": ""Sealed Genesis Terminal"", ""class"": ""7488632023"", ""instance"": ""1363818010"", ""time"": ""1767018721"", ""settlement"": ""1767686400"", ""event"": ""buy"", ""app"": 730, ""stage"": ""1"", ""for"": null, ""custom_id"": null, ""paid"": ""289"", ""currency"": ""USD"", ""assetid"": ""48439220682""}"
117,True,Sealed Genesis Terminal,,,8775767260,"{""item_id"": ""8775767260"", ""market_hash_name"": ""Sealed Genesis Terminal"", ""class"": ""7488632023"", ""instance"": ""1363818010"", ""time"": ""1767018718"", ""settlement"": ""1767686400"", ""event"": ""buy"", ""app"": 730, ""stage"": ""1"", ""for"": null, ""custom_id"": null, ""paid"": ""289"", ""currency"": ""USD"", ""assetid"": ""48329760311""}"
118,True,Sealed Genesis Terminal,,,8775767060,"{""item_id"": ""8775767060"", ""market_hash_name"": ""Sealed Genesis Terminal"", ""class"": ""7488632023"", ""instance"": ""1363818010"", ""time"": ""1767018713"", ""settlement"": ""1767686400"", ""event"": ""buy"", ""app"": 730, ""stage"": ""1"", ""for"": null, ""custom_id"": null, ""paid"": ""289"", ""currency"": ""USD"", ""assetid"": ""48357461164""}"
119,True,Sealed Genesis Terminal,,,8775761530,"{""item_id"": ""8775761530"", ""market_hash_name"": ""Sealed Genesis Terminal"", ""class"": ""7488632023"", ""instance"": ""1363818010"", ""time"": ""1767018667"", ""settlement"": ""1767686400"", ""event"": ""buy"", ""app"": 730, ""stage"": ""1"", ""for"": null, ""custom_id"": null, ""paid"": ""289"", ""currency"": ""USD"", ""assetid"": ""48360453146""}"
120,True,Sealed Genesis Terminal,,,8775766360,"{""item_id"": ""8775766360"", ""market_hash_name"": ""Sealed Genesis Terminal"", ""class"": ""7488632023"", ""instance"": ""1363818010"", ""time"": ""1767018619"", ""settlement"": ""1767686400"", ""event"": ""buy"", ""app"": 730, ""stage"": ""1"", ""for"": null, ""custom_id"": null, ""paid"": ""289"", ""currency"": ""USD"", ""assetid"": ""48339354849""}"
121,True,Sealed Genesis Terminal,,,8775760670,"{""item_id"": ""8775760670"", ""market_hash_name"": ""Sealed Genesis Terminal"", ""class"": ""7488632023"", ""instance"": ""1363818010"", ""time"": ""1767018610"", ""settlement"": ""1767686400"", ""event"": ""buy"", ""app"": 730, ""stage"": ""1"", ""for"": null, ""custom_id"": null, ""paid"": ""289"", ""currency"": ""USD"", ""assetid"": ""48356618365""}"
122,True,Sealed Genesis Terminal,,,8775760510,"{""item_id"": ""8775760510"", ""market_hash_name"": ""Sealed Genesis Terminal"", ""class"": ""7488632023"", ""instance"": ""1363818010"", ""time"": ""1767018554"", ""settlement"": ""1767686400"", ""event"": ""buy"", ""app"": 730, ""stage"": ""1"", ""for"": null, ""custom_id"": null, ""paid"": ""289"", ""currency"": ""USD"", ""assetid"": ""48356623278""}"
123,True,Sealed Genesis Terminal,,,8775759950,"{""item_id"": ""8775759950"", ""market_hash_name"": ""Sealed Genesis Terminal"", ""class"": ""7488632023"", ""instance"": ""1363818010"", ""time"": ""1767018550"", ""settlement"": ""1767686400"", ""event"": ""buy"", ""app"": 730, ""stage"": ""1"", ""for"": null, ""custom_id"": null, ""paid"": ""289"", ""currency"": ""USD"", ""assetid"": ""48429110936""}"
124,True,Sealed Genesis Terminal,,,8775724860,"{""item_id"": ""8775724860"", ""market_hash_name"": ""Sealed Genesis Terminal"", ""class"": ""7488632023"", ""instance"": ""1363818010"", ""time"": ""1767018546"", ""settlement"": ""1767686400"", ""event"": ""buy"", ""app"": 730, ""stage"": ""1"", ""for"": null, ""custom_id"": null, ""paid"": ""289"", ""currency"": ""USD"", ""assetid"": ""48432693896""}"
125,True,Sealed Genesis Terminal,,,8775758850,"{""item_id"": ""8775758850"", ""market_hash_name"": ""Sealed Genesis Terminal"", ""class"": ""7488632023"", ""instance"": ""1363818010"", ""time"": ""1767018543"", ""settlement"": ""1767686400"", ""event"": ""buy"", ""app"": 730, ""stage"": ""1"", ""for"": null, ""custom_id"": null, ""paid"": ""289"", ""currency"": ""USD"", ""assetid"": ""48356616770""}"
126,True,Sealed Genesis Terminal,,,8775731220,"{""item_id"": ""8775731220"", ""market_hash_name"": ""Sealed Genesis Terminal"", ""class"": ""7488632023"", ""instance"": ""1363818010"", ""time"": ""1767018534"", ""settlement"": ""1767686400"", ""event"": ""buy"", ""app"": 730, ""stage"": ""1"", ""for"": null, ""custom_id"": null, ""paid"": ""289"", ""currency"": ""USD"", ""assetid"": ""48358302203""}"
127,True,Sealed Genesis Terminal,,,8775758280,"{""item_id"": ""8775758280"", ""market_hash_name"": ""Sealed Genesis Terminal"", ""class"": ""7488632023"", ""instance"": ""1363818010"", ""time"": ""1767018531"", ""settlement"": ""1767686400"", ""event"": ""buy"", ""app"": 730, ""stage"": ""1"", ""for"": null, ""custom_id"": null, ""paid"": ""289"", ""currency"": ""USD"", ""assetid"": ""48356615070""}"
128,True,Sealed Genesis Terminal,,,8775758220,"{""item_id"": ""8775758220"", ""market_hash_name"": ""Sealed Genesis Terminal"", ""class"": ""7488632023"", ""instance"": ""1363818010"", ""time"": ""1767018526"", ""settlement"": ""1767686400"", ""event"": ""buy"", ""app"": 730, ""stage"": ""1"", ""for"": null, ""custom_id"": null, ""paid"": ""289"", ""currency"": ""USD"", ""assetid"": ""48358715239""}"
129,True,Sealed Genesis Terminal,,,8775730710,"{""item_id"": ""8775730710"", ""market_hash_name"": ""Sealed Genesis Terminal"", ""class"": ""7488632023"", ""instance"": ""1363818010"", ""time"": ""1767018519"", ""settlement"": ""1767686400"", ""event"": ""buy"", ""app"": 730, ""stage"": ""1"", ""for"": null, ""custom_id"": null, ""paid"": ""289"", ""currency"": ""USD"", ""assetid"": ""48341712657""}"
130,True,Sealed Genesis Terminal,,,8775730190,"{""item_id"": ""8775730190"", ""market_hash_name"": ""Sealed Genesis Terminal"", ""class"": ""7488632023"", ""instance"": ""1363818010"", ""time"": ""1767018488"", ""settlement"": ""1767686400"", ""event"": ""buy"", ""app"": 730, ""stage"": ""1"", ""for"": null, ""custom_id"": null, ""paid"": ""289"", ""currency"": ""USD"", ""assetid"": ""48341721206""}"
131,True,Sealed Genesis Terminal,,,8775730090,"{""item_id"": ""8775730090"", ""market_hash_name"": ""Sealed Genesis Terminal"", ""class"": ""7488632023"", ""instance"": ""1363818010"", ""time"": ""1767018478"", ""settlement"": ""1767686400"", ""event"": ""buy"", ""app"": 730, ""stage"": ""1"", ""for"": null, ""custom_id"": null, ""paid"": ""289"", ""currency"": ""USD"", ""assetid"": ""48341600734""}"
132,True,Sealed Genesis Terminal,,,8775729550,"{""item_id"": ""8775729550"", ""market_hash_name"": ""Sealed Genesis Terminal"", ""class"": ""7488632023"", ""instance"": ""1363818010"", ""time"": ""1767018471"", ""settlement"": ""1767686400"", ""event"": ""buy"", ""app"": 730, ""stage"": ""1"", ""for"": null, ""custom_id"": null, ""paid"": ""289"", ""currency"": ""USD"", ""assetid"": ""48362059372""}"
133,True,Sealed Genesis Terminal,,,8775754180,"{""item_id"": ""8775754180"", ""market_hash_name"": ""Sealed Genesis Terminal"", ""class"": ""7488632023"", ""instance"": ""1363818010"", ""time"": ""1767018463"", ""settlement"": ""1767686400"", ""event"": ""buy"", ""app"": 730, ""stage"": ""1"", ""for"": null, ""custom_id"": null, ""paid"": ""289"", ""currency"": ""USD"", ""assetid"": ""48435139600""}"
134,True,Sealed Genesis Terminal,,,8775752070,"{""item_id"": ""8775752070"", ""market_hash_name"": ""Sealed Genesis Terminal"", ""class"": ""7488632023"", ""instance"": ""1363818010"", ""time"": ""1767018455"", ""settlement"": ""1767686400"", ""event"": ""buy"", ""app"": 730, ""stage"": ""1"", ""for"": null, ""custom_id"": null, ""paid"": ""289"", ""currency"": ""USD"", ""assetid"": ""48325410684""}"
135,True,Sealed Genesis Terminal,,,8775724630,"{""item_id"": ""8775724630"", ""market_hash_name"": ""Sealed Genesis Terminal"", ""class"": ""7488632023"", ""instance"": ""1363818010"", ""time"": ""1767018417"", ""settlement"": ""1767686400"", ""event"": ""buy"", ""app"": 730, ""stage"": ""1"", ""for"": null, ""custom_id"": null, ""paid"": ""289"", ""currency"": ""USD"", ""assetid"": ""48440393163""}"
136,True,Sealed Genesis Terminal,,,8775746470,"{""item_id"": ""8775746470"", ""market_hash_name"": ""Sealed Genesis Terminal"", ""class"": ""7488632023"", ""instance"": ""1363818010"", ""time"": ""1767018408"", ""settlement"": ""1767686400"", ""event"": ""buy"", ""app"": 730, ""stage"": ""1"", ""for"": null, ""custom_id"": null, ""paid"": ""289"", ""currency"": ""USD"", ""assetid"": ""48359983283""}"
137,True,Sealed Genesis Terminal,,,8775728960,"{""item_id"": ""8775728960"", ""market_hash_name"": ""Sealed Genesis Terminal"", ""class"": ""7488632023"", ""instance"": ""1363818010"", ""time"": ""1767018404"", ""settlement"": ""1767686400"", ""event"": ""buy"", ""app"": 730, ""stage"": ""1"", ""for"": null, ""custom_id"": null, ""paid"": ""289"", ""currency"": ""USD"", ""assetid"": ""48430283532""}"
138,True,Sealed Genesis Terminal,,,8775745830,"{""item_id"": ""8775745830"", ""market_hash_name"": ""Sealed Genesis Terminal"", ""class"": ""7488632023"", ""instance"": ""1363818010"", ""time"": ""1767018392"", ""settlement"": ""1767686400"", ""event"": ""buy"", ""app"": 730, ""stage"": ""1"", ""for"": null, ""custom_id"": null, ""paid"": ""289"", ""currency"": ""USD"", ""assetid"": ""48369705579""}"
139,True,Sealed Genesis Terminal,,,8775737650,"{""item_id"": ""8775737650"", ""market_hash_name"": ""Sealed Genesis Terminal"", ""class"": ""7488632023"", ""instance"": ""1363818010"", ""time"": ""1767018388"", ""settlement"": ""1767686400"", ""event"": ""buy"", ""app"": 730, ""stage"": ""1"", ""for"": null, ""custom_id"": null, ""paid"": ""289"", ""currency"": ""USD"", ""assetid"": ""48396468210""}"
140,True,Sealed Genesis Terminal,,,8775737180,"{""item_id"": ""8775737180"", ""market_hash_name"": ""Sealed Genesis Terminal"", ""class"": ""7488632023"", ""instance"": ""1363818010"", ""time"": ""1767018385"", ""settlement"": ""1767686400"", ""event"": ""buy"", ""app"": 730, ""stage"": ""1"", ""for"": null, ""custom_id"": null, ""paid"": ""289"", ""currency"": ""USD"", ""assetid"": ""48396467846""}"
141,True,Sealed Genesis Terminal,,,8775737160,"{""item_id"": ""8775737160"", ""market_hash_name"": ""Sealed Genesis Terminal"", ""class"": ""7488632023"", ""instance"": ""1363818010"", ""time"": ""1767018375"", ""settlement"": ""1767686400"", ""event"": ""buy"", ""app"": 730, ""stage"": ""1"", ""for"": null, ""custom_id"": null, ""paid"": ""289"", ""currency"": ""USD"", ""assetid"": ""48439220336""}"
142,True,Sealed Genesis Terminal,,,8775737100,"{""item_id"": ""8775737100"", ""market_hash_name"": ""Sealed Genesis Terminal"", ""class"": ""7488632023"", ""instance"": ""1363818010"", ""time"": ""1767018371"", ""settlement"": ""1767686400"", ""event"": ""buy"", ""app"": 730, ""stage"": ""1"", ""for"": null, ""custom_id"": null, ""paid"": ""289"", ""currency"": ""USD"", ""assetid"": ""48370459679""}"
143,True,Sealed Genesis Terminal,,,8775736860,"{""item_id"": ""8775736860"", ""market_hash_name"": ""Sealed Genesis Terminal"", ""class"": ""7488632023"", ""instance"": ""1363818010"", ""time"": ""1767018353"", ""settlement"": ""1767686400"", ""event"": ""buy"", ""app"": 730, ""stage"": ""1"", ""for"": null, ""custom_id"": null, ""paid"": ""289"", ""currency"": ""USD"", ""assetid"": ""48349064582""}"
144,True,Sealed Genesis Terminal,,,8775736440,"{""item_id"": ""8775736440"", ""market_hash_name"": ""Sealed Genesis Terminal"", ""class"": ""7488632023"", ""instance"": ""1363818010"", ""time"": ""1767018345"", ""settlement"": ""1767686400"", ""event"": ""buy"", ""app"": 730, ""stage"": ""1"", ""for"": null, ""custom_id"": null, ""paid"": ""289"", ""currency"": ""USD"", ""assetid"": ""48440400618""}"
145,False,Charm | Hungry Eyes,,,8770133880,"{""item_id"": ""8770133880"", ""market_hash_name"": ""Charm | Hungry Eyes"", ""class"": ""7545316194"", ""instance"": ""7858916673"", ""time"": ""1767004797"", ""settlement"": ""1767686400"", ""event"": ""sell"", ""app"": 730, ""stage"": ""1"", ""for"": null, ""custom_id"": null, ""received"": ""5800"", ""currency"": ""USD"", ""assetid"": ""48499555525""}"
146,True,Sealed Genesis Terminal,,,8750047740,"{""item_id"": ""8750047740"", ""market_hash_name"": ""Sealed Genesis Terminal"", ""class"": ""7488632023"", ""instance"": ""1363818010"", ""time"": ""1766875254"", ""settlement"": ""1767513600"", ""event"": ""buy"", ""app"": 730, ""stage"": ""1"", ""for"": null, ""custom_id"": null, ""paid"": ""272"", ""currency"": ""USD"", ""assetid"": ""48494108412""}"
147,True,Sealed Genesis Terminal,,,8478114829,"{""item_id"": ""8478114829"", ""market_hash_name"": ""Sealed Genesis Terminal"", ""class"": ""7488632023"", ""instance"": ""302028390"", ""time"": ""1766848525"", ""settlement"": null, ""event"": ""buy"", ""app"": 730, ""stage"": ""5"", ""for"": null, ""custom_id"": null, ""causer"": ""seller"", ""paid"": ""261"", ""currency"": ""USD"", ""assetid"": ""48107367137""}"
148,True,Sealed Genesis Terminal,,,8756540750,"{""item_id"": ""8756540750"", ""market_hash_name"": ""Sealed Genesis Terminal"", ""class"": ""7488632023"", ""instance"": ""7864145736"", ""time"": ""1766834528"", ""settlement"": ""1767513600"", ""event"": ""buy"", ""app"": 730, ""stage"": ""1"", ""for"": null, ""custom_id"": null, ""paid"": ""271"", ""currency"": ""USD"", ""assetid"": ""48507854826""}"
149,True,Sealed Genesis Terminal,,,8756526830,"{""item_id"": ""8756526830"", ""market_hash_name"": ""Sealed Genesis Terminal"", ""class"": ""7488632023"", ""instance"": ""7864145736"", ""time"": ""1766834522"", ""settlement"": ""1767513600"", ""event"": ""buy"", ""app"": 730, ""stage"": ""1"", ""for"": null, ""custom_id"": null, ""paid"": ""271"", ""currency"": ""USD"", ""assetid"": ""48509311749""}"
150,True,Sealed Genesis Terminal,,,8756522290,"{""item_id"": ""8756522290"", ""market_hash_name"": ""Sealed Genesis Terminal"", ""class"": ""7488632023"", ""instance"": ""7864145736"", ""time"": ""1766834511"", ""settlement"": ""1767513600"", ""event"": ""buy"", ""app"": 730, ""stage"": ""1"", ""for"": null, ""custom_id"": null, ""paid"": ""271"", ""currency"": ""USD"", ""assetid"": ""48510191332""}"
151,True,Sealed Genesis Terminal,,,8756520300,"{""item_id"": ""8756520300"", ""market_hash_name"": ""Sealed Genesis Terminal"", ""class"": ""7488632023"", ""instance"": ""7864145736"", ""time"": ""1766834500"", ""settlement"": ""1767513600"", ""event"": ""buy"", ""app"": 730, ""stage"": ""1"", ""for"": null, ""custom_id"": null, ""paid"": ""271"", ""currency"": ""USD"", ""assetid"": ""48510412563""}"
152,True,Sealed Genesis Terminal,,,8756519800,"{""item_id"": ""8756519800"", ""market_hash_name"": ""Sealed Genesis Terminal"", ""class"": ""7488632023"", ""instance"": ""7864145736"", ""time"": ""1766834492"", ""settlement"": ""1767513600"", ""event"": ""buy"", ""app"": 730, ""stage"": ""1"", ""for"": null, ""custom_id"": null, ""paid"": ""271"", ""currency"": ""USD"", ""assetid"": ""48511843280""}"
153,True,Sealed Genesis Terminal,,,8756519520,"{""item_id"": ""8756519520"", ""market_hash_name"": ""Sealed Genesis Terminal"", ""class"": ""7488632023"", ""instance"": ""7864145736"", ""time"": ""1766834479"", ""settlement"": ""1767513600"", ""event"": ""buy"", ""app"": 730, ""stage"": ""1"", ""for"": null, ""custom_id"": null, ""paid"": ""271"", ""currency"": ""USD"", ""assetid"": ""48512181136""}"
154,True,Sealed Genesis Terminal,,,8756517530,"{""item_id"": ""8756517530"", ""market_hash_name"": ""Sealed Genesis Terminal"", ""class"": ""7488632023"", ""instance"": ""7864145736"", ""time"": ""1766834469"", ""settlement"": ""1767513600"", ""event"": ""buy"", ""app"": 730, ""stage"": ""1"", ""for"": null, ""custom_id"": null, ""paid"": ""271"", ""currency"": ""USD"", ""assetid"": ""48513390844""}"
155,True,Sealed Genesis Terminal,,,8748556530,"{""item_id"": ""8748556530"", ""market_hash_name"": ""Sealed Genesis Terminal"", ""class"": ""7488632023"", ""instance"": ""7858916718"", ""time"": ""1766776873"", ""settlement"": ""1767427200"", ""event"": ""buy"", ""app"": 730, ""stage"": ""1"", ""for"": null, ""custom_id"": null, ""paid"": ""268"", ""currency"": ""USD"", ""assetid"": ""48498650483""}"
156,True,Sealed Genesis Terminal,,,8747633760,"{""item_id"": ""8747633760"", ""market_hash_name"": ""Sealed Genesis Terminal"", ""class"": ""7488632023"", ""instance"": ""7858916718"", ""time"": ""1766776870"", ""settlement"": ""1767427200"", ""event"": ""buy"", ""app"": 730, ""stage"": ""1"", ""for"": null, ""custom_id"": null, ""paid"": ""268"", ""currency"": ""USD"", ""assetid"": ""48494242882""}"
157,True,Sealed Genesis Terminal,,,8747615800,"{""item_id"": ""8747615800"", ""market_hash_name"": ""Sealed Genesis Terminal"", ""class"": ""7488632023"", ""instance"": ""7858916718"", ""time"": ""1766776861"", ""settlement"": ""1767427200"", ""event"": ""buy"", ""app"": 730, ""stage"": ""1"", ""for"": null, ""custom_id"": null, ""paid"": ""268"", ""currency"": ""USD"", ""assetid"": ""48495680541""}"
158,True,Sealed Genesis Terminal,,,8747171050,"{""item_id"": ""8747171050"", ""market_hash_name"": ""Sealed Genesis Terminal"", ""class"": ""7488632023"", ""instance"": ""7858916718"", ""time"": ""1766776857"", ""settlement"": ""1767427200"", ""event"": ""buy"", ""app"": 730, ""stage"": ""1"", ""for"": null, ""custom_id"": null, ""paid"": ""268"", ""currency"": ""USD"", ""assetid"": ""48497047728""}"
159,True,Sealed Genesis Terminal,,,8746898200,"{""item_id"": ""8746898200"", ""market_hash_name"": ""Sealed Genesis Terminal"", ""class"": ""7488632023"", ""instance"": ""7858916718"", ""time"": ""1766776847"", ""settlement"": ""1767427200"", ""event"": ""buy"", ""app"": 730, ""stage"": ""1"", ""for"": null, ""custom_id"": null, ""paid"": ""268"", ""currency"": ""USD"", ""assetid"": ""48481671011""}"
160,True,Sealed Genesis Terminal,,,8746884400,"{""item_id"": ""8746884400"", ""market_hash_name"": ""Sealed Genesis Terminal"", ""class"": ""7488632023"", ""instance"": ""7858916718"", ""time"": ""1766776844"", ""settlement"": ""1767427200"", ""event"": ""buy"", ""app"": 730, ""stage"": ""1"", ""for"": null, ""custom_id"": null, ""paid"": ""268"", ""currency"": ""USD"", ""assetid"": ""48482498921""}"
161,True,Sealed Genesis Terminal,,,8746811990,"{""item_id"": ""8746811990"", ""market_hash_name"": ""Sealed Genesis Terminal"", ""class"": ""7488632023"", ""instance"": ""7858916718"", ""time"": ""1766776834"", ""settlement"": ""1767427200"", ""event"": ""buy"", ""app"": 730, ""stage"": ""1"", ""for"": null, ""custom_id"": null, ""paid"": ""268"", ""currency"": ""USD"", ""assetid"": ""48486838561""}"
162,True,Sealed Genesis Terminal,,,8746734190,"{""item_id"": ""8746734190"", ""market_hash_name"": ""Sealed Genesis Terminal"", ""class"": ""7488632023"", ""instance"": ""7858916718"", ""time"": ""1766776561"", ""settlement"": ""1767427200"", ""event"": ""buy"", ""app"": 730, ""stage"": ""1"", ""for"": null, ""custom_id"": null, ""paid"": ""268"", ""currency"": ""USD"", ""assetid"": ""48490024088""}"
163,True,Sealed Genesis Terminal,,,8746694680,"{""item_id"": ""8746694680"", ""market_hash_name"": ""Sealed Genesis Terminal"", ""class"": ""7488632023"", ""instance"": ""7858916718"", ""time"": ""1766776547"", ""settlement"": ""1767427200"", ""event"": ""buy"", ""app"": 730, ""stage"": ""1"", ""for"": null, ""custom_id"": null, ""paid"": ""268"", ""currency"": ""USD"", ""assetid"": ""48490153147""}"
164,True,Sealed Genesis Terminal,,,8746659430,"{""item_id"": ""8746659430"", ""market_hash_name"": ""Sealed Genesis Terminal"", ""class"": ""7488632023"", ""instance"": ""7858916718"", ""time"": ""1766776540"", ""settlement"": ""1767427200"", ""event"": ""buy"", ""app"": 730, ""stage"": ""1"", ""for"": null, ""custom_id"": null, ""paid"": ""268"", ""currency"": ""USD"", ""assetid"": ""48492008678""}"
165,True,Sealed Genesis Terminal,,,8746643520,"{""item_id"": ""8746643520"", ""market_hash_name"": ""Sealed Genesis Terminal"", ""class"": ""7488632023"", ""instance"": ""7858916718"", ""time"": ""1766776525"", ""settlement"": ""1767427200"", ""event"": ""buy"", ""app"": 730, ""stage"": ""1"", ""for"": null, ""custom_id"": null, ""paid"": ""268"", ""currency"": ""USD"", ""assetid"": ""48492024040""}"
166,True,Sealed Genesis Terminal,,,8746566100,"{""item_id"": ""8746566100"", ""market_hash_name"": ""Sealed Genesis Terminal"", ""class"": ""7488632023"", ""instance"": ""7858916718"", ""time"": ""1766776522"", ""settlement"": ""1767427200"", ""event"": ""buy"", ""app"": 730, ""stage"": ""1"", ""for"": null, ""custom_id"": null, ""paid"": ""268"", ""currency"": ""USD"", ""assetid"": ""48495922666""}"
167,True,Sealed Genesis Terminal,,,8746423870,"{""item_id"": ""8746423870"", ""market_hash_name"": ""Sealed Genesis Terminal"", ""class"": ""7488632023"", ""instance"": ""7858916718"", ""time"": ""1766776518"", ""settlement"": ""1767427200"", ""event"": ""buy"", ""app"": 730, ""stage"": ""1"", ""for"": null, ""custom_id"": null, ""paid"": ""268"", ""currency"": ""USD"", ""assetid"": ""48498305174""}"
168,True,Sealed Genesis Terminal,,,8746406540,"{""item_id"": ""8746406540"", ""market_hash_name"": ""Sealed Genesis Terminal"", ""class"": ""7488632023"", ""instance"": ""7858916718"", ""time"": ""1766776382"", ""settlement"": ""1767427200"", ""event"": ""buy"", ""app"": 730, ""stage"": ""1"", ""for"": null, ""custom_id"": null, ""paid"": ""268"", ""currency"": ""USD"", ""assetid"": ""48498324630""}"
169,True,Sealed Genesis Terminal,,,8750600110,"{""item_id"": ""8750600110"", ""market_hash_name"": ""Sealed Genesis Terminal"", ""class"": ""7488632023"", ""instance"": ""1363818010"", ""time"": ""1766772532"", ""settlement"": ""1767427200"", ""event"": ""buy"", ""app"": 730, ""stage"": ""1"", ""for"": null, ""custom_id"": null, ""paid"": ""251"", ""currency"": ""USD"", ""assetid"": ""48254627625""}"
170,True,Sealed Genesis Terminal,,,8747334220,"{""item_id"": ""8747334220"", ""market_hash_name"": ""Sealed Genesis Terminal"", ""class"": ""7488632023"", ""instance"": ""7852425672"", ""time"": ""1766745440"", ""settlement"": ""1767427200"", ""event"": ""buy"", ""app"": 730, ""stage"": ""1"", ""for"": null, ""custom_id"": null, ""paid"": ""265"", ""currency"": ""USD"", ""assetid"": ""48473517043""}"
171,True,Sealed Genesis Terminal,,,8747334030,"{""item_id"": ""8747334030"", ""market_hash_name"": ""Sealed Genesis Terminal"", ""class"": ""7488632023"", ""instance"": ""7852425672"", ""time"": ""1766745440"", ""settlement"": ""1767427200"", ""event"": ""buy"", ""app"": 730, ""stage"": ""1"", ""for"": null, ""custom_id"": null, ""paid"": ""265"", ""currency"": ""USD"", ""assetid"": ""48473523039""}"
172,True,Sealed Genesis Terminal,,,8747334150,"{""item_id"": ""8747334150"", ""market_hash_name"": ""Sealed Genesis Terminal"", ""class"": ""7488632023"", ""instance"": ""7843590854"", ""time"": ""1766745439"", ""settlement"": ""1767427200"", ""event"": ""buy"", ""app"": 730, ""stage"": ""1"", ""for"": null, ""custom_id"": null, ""paid"": ""265"", ""currency"": ""USD"", ""assetid"": ""48430218182""}"
173,True,Sealed Genesis Terminal,,,8747334080,"{""item_id"": ""8747334080"", ""market_hash_name"": ""Sealed Genesis Terminal"", ""class"": ""7488632023"", ""instance"": ""7843590854"", ""time"": ""1766745439"", ""settlement"": ""1767427200"", ""event"": ""buy"", ""app"": 730, ""stage"": ""1"", ""for"": null, ""custom_id"": null, ""paid"": ""265"", ""currency"": ""USD"", ""assetid"": ""48430221417""}"
174,True,Sealed Genesis Terminal,,,8747334010,"{""item_id"": ""8747334010"", ""market_hash_name"": ""Sealed Genesis Terminal"", ""class"": ""7488632023"", ""instance"": ""7843590854"", ""time"": ""1766745438"", ""settlement"": ""1767427200"", ""event"": ""buy"", ""app"": 730, ""stage"": ""1"", ""for"": null, ""custom_id"": null, ""paid"": ""265"", ""currency"": ""USD"", ""assetid"": ""48430218189""}"
175,True,Sealed Genesis Terminal,,,8747333970,"{""item_id"": ""8747333970"", ""market_hash_name"": ""Sealed Genesis Terminal"", ""class"": ""7488632023"", ""instance"": ""7843590854"", ""time"": ""1766745438"", ""settlement"": ""1767427200"", ""event"": ""buy"", ""app"": 730, ""stage"": ""1"", ""for"": null, ""custom_id"": null, ""paid"": ""265"", ""currency"": ""USD"", ""assetid"": ""48430226773""}"
176,True,Sealed Genesis Terminal,,,8747333920,"{""item_id"": ""8747333920"", ""market_hash_name"": ""Sealed Genesis Terminal"", ""class"": ""7488632023"", ""instance"": ""7843590854"", ""time"": ""1766745438"", ""settlement"": ""1767427200"", ""event"": ""buy"", ""app"": 730, ""stage"": ""1"", ""for"": null, ""custom_id"": null, ""paid"": ""265"", ""currency"": ""USD"", ""assetid"": ""48429487973""}"
177,True,Sealed Genesis Terminal,,,8747333860,"{""item_id"": ""8747333860"", ""market_hash_name"": ""Sealed Genesis Terminal"", ""class"": ""7488632023"", ""instance"": ""7843590854"", ""time"": ""1766745437"", ""settlement"": ""1767427200"", ""event"": ""buy"", ""app"": 730, ""stage"": ""1"", ""for"": null, ""custom_id"": null, ""paid"": ""265"", ""currency"": ""USD"", ""assetid"": ""48427916998""}"
178,True,Sealed Genesis Terminal,,,8747333810,"{""item_id"": ""8747333810"", ""market_hash_name"": ""Sealed Genesis Terminal"", ""class"": ""7488632023"", ""instance"": ""7852425672"", ""time"": ""1766745437"", ""settlement"": ""1767427200"", ""event"": ""buy"", ""app"": 730, ""stage"": ""1"", ""for"": null, ""custom_id"": null, ""paid"": ""265"", ""currency"": ""USD"", ""assetid"": ""48473511803""}"
179,True,Sealed Genesis Terminal,,,8747333740,"{""item_id"": ""8747333740"", ""market_hash_name"": ""Sealed Genesis Terminal"", ""class"": ""7488632023"", ""instance"": ""7852425672"", ""time"": ""1766745436"", ""settlement"": ""1767427200"", ""event"": ""buy"", ""app"": 730, ""stage"": ""1"", ""for"": null, ""custom_id"": null, ""paid"": ""265"", ""currency"": ""USD"", ""assetid"": ""48473512924""}"
180,True,Sealed Genesis Terminal,,,8747333660,"{""item_id"": ""8747333660"", ""market_hash_name"": ""Sealed Genesis Terminal"", ""class"": ""7488632023"", ""instance"": ""7843590854"", ""time"": ""1766745436"", ""settlement"": ""1767427200"", ""event"": ""buy"", ""app"": 730, ""stage"": ""1"", ""for"": null, ""custom_id"": null, ""paid"": ""265"", ""currency"": ""USD"", ""assetid"": ""48429502129""}"
181,True,Sealed Genesis Terminal,,,8747333630,"{""item_id"": ""8747333630"", ""market_hash_name"": ""Sealed Genesis Terminal"", ""class"": ""7488632023"", ""instance"": ""7843590854"", ""time"": ""1766745436"", ""settlement"": ""1767427200"", ""event"": ""buy"", ""app"": 730, ""stage"": ""1"", ""for"": null, ""custom_id"": null, ""paid"": ""265"", ""currency"": ""USD"", ""assetid"": ""48429488169""}"
182,True,Sealed Genesis Terminal,,,8747333560,"{""item_id"": ""8747333560"", ""market_hash_name"": ""Sealed Genesis Terminal"", ""class"": ""7488632023"", ""instance"": ""7843590854"", ""time"": ""1766745435"", ""settlement"": ""1767427200"", ""event"": ""buy"", ""app"": 730, ""stage"": ""1"", ""for"": null, ""custom_id"": null, ""paid"": ""265"", ""currency"": ""USD"", ""assetid"": ""48429469170""}"
183,True,Sealed Genesis Terminal,,,8747333530,"{""item_id"": ""8747333530"", ""market_hash_name"": ""Sealed Genesis Terminal"", ""class"": ""7488632023"", ""instance"": ""7843590854"", ""time"": ""1766745435"", ""settlement"": ""1767427200"", ""event"": ""buy"", ""app"": 730, ""stage"": ""1"", ""for"": null, ""custom_id"": null, ""paid"": ""265"", ""currency"": ""USD"", ""assetid"": ""48427916322""}"
184,True,Sealed Genesis Terminal,,,8747333430,"{""item_id"": ""8747333430"", ""market_hash_name"": ""Sealed Genesis Terminal"", ""class"": ""7488632023"", ""instance"": ""7843590854"", ""time"": ""1766745434"", ""settlement"": ""1767427200"", ""event"": ""buy"", ""app"": 730, ""stage"": ""1"", ""for"": null, ""custom_id"": null, ""paid"": ""265"", ""currency"": ""USD"", ""assetid"": ""48430223374""}"
185,True,Sealed Genesis Terminal,,,8747333490,"{""item_id"": ""8747333490"", ""market_hash_name"": ""Sealed Genesis Terminal"", ""class"": ""7488632023"", ""instance"": ""7843590854"", ""time"": ""1766745434"", ""settlement"": ""1767427200"", ""event"": ""buy"", ""app"": 730, ""stage"": ""1"", ""for"": null, ""custom_id"": null, ""paid"": ""265"", ""currency"": ""USD"", ""assetid"": ""48427916734""}"
186,True,Sealed Genesis Terminal,,,8747333460,"{""item_id"": ""8747333460"", ""market_hash_name"": ""Sealed Genesis Terminal"", ""class"": ""7488632023"", ""instance"": ""7843590854"", ""time"": ""1766745434"", ""settlement"": ""1767427200"", ""event"": ""buy"", ""app"": 730, ""stage"": ""1"", ""for"": null, ""custom_id"": null, ""paid"": ""265"", ""currency"": ""USD"", ""assetid"": ""48427916441""}"
187,True,Sealed Genesis Terminal,,,8747333440,"{""item_id"": ""8747333440"", ""market_hash_name"": ""Sealed Genesis Terminal"", ""class"": ""7488632023"", ""instance"": ""7852425672"", ""time"": ""1766745434"", ""settlement"": ""1767427200"", ""event"": ""buy"", ""app"": 730, ""stage"": ""1"", ""for"": null, ""custom_id"": null, ""paid"": ""265"", ""currency"": ""USD"", ""assetid"": ""48473492366""}"
188,True,Sealed Genesis Terminal,,,8747333410,"{""item_id"": ""8747333410"", ""market_hash_name"": ""Sealed Genesis Terminal"", ""class"": ""7488632023"", ""instance"": ""7843590854"", ""time"": ""1766745433"", ""settlement"": ""1767427200"", ""event"": ""buy"", ""app"": 730, ""stage"": ""1"", ""for"": null, ""custom_id"": null, ""paid"": ""265"", ""currency"": ""USD"", ""assetid"": ""48429500609""}"
189,True,Sealed Genesis Terminal,,,8747333360,"{""item_id"": ""8747333360"", ""market_hash_name"": ""Sealed Genesis Terminal"", ""class"": ""7488632023"", ""instance"": ""7843590854"", ""time"": ""1766745433"", ""settlement"": ""1767427200"", ""event"": ""buy"", ""app"": 730, ""stage"": ""1"", ""for"": null, ""custom_id"": null, ""paid"": ""265"", ""currency"": ""USD"", ""assetid"": ""48430220531""}"
190,True,Sealed Genesis Terminal,,,8747333310,"{""item_id"": ""8747333310"", ""market_hash_name"": ""Sealed Genesis Terminal"", ""class"": ""7488632023"", ""instance"": ""7852425672"", ""time"": ""1766745432"", ""settlement"": ""1767427200"", ""event"": ""buy"", ""app"": 730, ""stage"": ""1"", ""for"": null, ""custom_id"": null, ""paid"": ""265"", ""currency"": ""USD"", ""assetid"": ""48473513376""}"
191,True,Sealed Genesis Terminal,,,8747333280,"{""item_id"": ""8747333280"", ""market_hash_name"": ""Sealed Genesis Terminal"", ""class"": ""7488632023"", ""instance"": ""7843590854"", ""time"": ""1766745432"", ""settlement"": ""1767427200"", ""event"": ""buy"", ""app"": 730, ""stage"": ""1"", ""for"": null, ""custom_id"": null, ""paid"": ""265"", ""currency"": ""USD"", ""assetid"": ""48427915789""}"
192,True,Sealed Genesis Terminal,,,8747333270,"{""item_id"": ""8747333270"", ""market_hash_name"": ""Sealed Genesis Terminal"", ""class"": ""7488632023"", ""instance"": ""7843590854"", ""time"": ""1766745432"", ""settlement"": ""1767427200"", ""event"": ""buy"", ""app"": 730, ""stage"": ""1"", ""for"": null, ""custom_id"": null, ""paid"": ""265"", ""currency"": ""USD"", ""assetid"": ""48429487964""}"
193,True,Sealed Genesis Terminal,,,8747333220,"{""item_id"": ""8747333220"", ""market_hash_name"": ""Sealed Genesis Terminal"", ""class"": ""7488632023"", ""instance"": ""7843590854"", ""time"": ""1766745431"", ""settlement"": ""1767427200"", ""event"": ""buy"", ""app"": 730, ""stage"": ""1"", ""for"": null, ""custom_id"": null, ""paid"": ""265"", ""currency"": ""USD"", ""assetid"": ""48430222457""}"
194,True,Sealed Genesis Terminal,,,8747333170,"{""item_id"": ""8747333170"", ""market_hash_name"": ""Sealed Genesis Terminal"", ""class"": ""7488632023"", ""instance"": ""7843590854"", ""time"": ""1766745431"", ""settlement"": ""1767427200"", ""event"": ""buy"", ""app"": 730, ""stage"": ""1"", ""for"": null, ""custom_id"": null, ""paid"": ""265"", ""currency"": ""USD"", ""assetid"": ""48427916459""}"
195,True,Sealed Genesis Terminal,,,8747333130,"{""item_id"": ""8747333130"", ""market_hash_name"": ""Sealed Genesis Terminal"", ""class"": ""7488632023"", ""instance"": ""7843590854"", ""time"": ""1766745430"", ""settlement"": ""1767427200"", ""event"": ""buy"", ""app"": 730, ""stage"": ""1"", ""for"": null, ""custom_id"": null, ""paid"": ""265"", ""currency"": ""USD"", ""assetid"": ""48427916346""}"
196,True,Sealed Genesis Terminal,,,8747333100,"{""item_id"": ""8747333100"", ""market_hash_name"": ""Sealed Genesis Terminal"", ""class"": ""7488632023"", ""instance"": ""7852425672"", ""time"": ""1766745430"", ""settlement"": ""1767427200"", ""event"": ""buy"", ""app"": 730, ""stage"": ""1"", ""for"": null, ""custom_id"": null, ""paid"": ""265"", ""currency"": ""USD"", ""assetid"": ""48473526697""}"
197,True,Sealed Genesis Terminal,,,8747333080,"{""item_id"": ""8747333080"", ""market_hash_name"": ""Sealed Genesis Terminal"", ""class"": ""7488632023"", ""instance"": ""7843590854"", ""time"": ""1766745430"", ""settlement"": ""1767427200"", ""event"": ""buy"", ""app"": 730, ""stage"": ""1"", ""for"": null, ""custom_id"": null, ""paid"": ""265"", ""currency"": ""USD"", ""assetid"": ""48427912600""}"
198,True,Sealed Genesis Terminal,,,8747333040,"{""item_id"": ""8747333040"", ""market_hash_name"": ""Sealed Genesis Terminal"", ""class"": ""7488632023"", ""instance"": ""7843590854"", ""time"": ""1766745430"", ""settlement"": ""1767427200"", ""event"": ""buy"", ""app"": 730, ""stage"": ""1"", ""for"": null, ""custom_id"": null, ""paid"": ""265"", ""currency"": ""USD"", ""assetid"": ""48429487674""}"
199,True,Sealed Genesis Terminal,,,8747332990,"{""item_id"": ""8747332990"", ""market_hash_name"": ""Sealed Genesis Terminal"", ""class"": ""7488632023"", ""instance"": ""7852425672"", ""time"": ""1766745429"", ""settlement"": ""1767427200"", ""event"": ""buy"", ""app"": 730, ""stage"": ""1"", ""for"": null, ""custom_id"": null, ""paid"": ""265"", ""currency"": ""USD"", ""assetid"": ""48473513901""}"
200,True,Sealed Genesis Terminal,,,8747332980,"{""item_id"": ""8747332980"", ""market_hash_name"": ""Sealed Genesis Terminal"", ""class"": ""7488632023"", ""instance"": ""7843590854"", ""time"": ""1766745429"", ""settlement"": ""1767427200"", ""event"": ""buy"", ""app"": 730, ""stage"": ""1"", ""for"": null, ""custom_id"": null, ""paid"": ""265"", ""currency"": ""USD"", ""assetid"": ""48427916008""}"
